DROP TABLE IF EXISTS schema_migrations;
CREATE TABLE IF NOT EXISTS `schema_migrations` (`version` varchar(255) NOT NULL);
INSERT INTO schema_migrations VALUES(`20100210011008`);
INSERT INTO schema_migrations VALUES('73');
INSERT INTO schema_migrations VALUES('74');
INSERT INTO schema_migrations VALUES('75');
INSERT INTO schema_migrations VALUES('76');
INSERT INTO schema_migrations VALUES('77');
INSERT INTO schema_migrations VALUES('78');
INSERT INTO schema_migrations VALUES('79');
DROP TABLE IF EXISTS plugin_schema_migrations;
CREATE TABLE IF NOT EXISTS `plugin_schema_migrations` (plugin_name varchar(255), version varchar(255));
INSERT INTO plugin_schema_migrations VALUES(`community_engine`,`1`);
INSERT INTO plugin_schema_migrations VALUES('community_engine','2');
INSERT INTO plugin_schema_migrations VALUES('community_engine','3');
INSERT INTO plugin_schema_migrations VALUES('community_engine','4');
INSERT INTO plugin_schema_migrations VALUES('community_engine','5');
INSERT INTO plugin_schema_migrations VALUES('community_engine','6');
INSERT INTO plugin_schema_migrations VALUES('community_engine','7');
INSERT INTO plugin_schema_migrations VALUES('community_engine','8');
INSERT INTO plugin_schema_migrations VALUES('community_engine','9');
INSERT INTO plugin_schema_migrations VALUES('community_engine','10');
INSERT INTO plugin_schema_migrations VALUES('community_engine','11');
INSERT INTO plugin_schema_migrations VALUES('community_engine','12');
INSERT INTO plugin_schema_migrations VALUES('community_engine','13');
INSERT INTO plugin_schema_migrations VALUES('community_engine','14');
INSERT INTO plugin_schema_migrations VALUES('community_engine','15');
INSERT INTO plugin_schema_migrations VALUES('community_engine','16');
INSERT INTO plugin_schema_migrations VALUES('community_engine','17');
INSERT INTO plugin_schema_migrations VALUES('community_engine','18');
INSERT INTO plugin_schema_migrations VALUES('community_engine','19');
INSERT INTO plugin_schema_migrations VALUES('community_engine','20');
INSERT INTO plugin_schema_migrations VALUES('community_engine','21');
INSERT INTO plugin_schema_migrations VALUES('community_engine','22');
INSERT INTO plugin_schema_migrations VALUES('community_engine','23');
INSERT INTO plugin_schema_migrations VALUES('community_engine','24');
INSERT INTO plugin_schema_migrations VALUES('community_engine','25');
INSERT INTO plugin_schema_migrations VALUES('community_engine','26');
INSERT INTO plugin_schema_migrations VALUES('community_engine','27');
INSERT INTO plugin_schema_migrations VALUES('community_engine','28');
INSERT INTO plugin_schema_migrations VALUES('community_engine','29');
INSERT INTO plugin_schema_migrations VALUES('community_engine','30');
INSERT INTO plugin_schema_migrations VALUES('community_engine','31');
INSERT INTO plugin_schema_migrations VALUES('community_engine','32');
INSERT INTO plugin_schema_migrations VALUES('community_engine','33');
INSERT INTO plugin_schema_migrations VALUES('community_engine','34');
INSERT INTO plugin_schema_migrations VALUES('community_engine','35');
INSERT INTO plugin_schema_migrations VALUES('community_engine','36');
INSERT INTO plugin_schema_migrations VALUES('community_engine','37');
INSERT INTO plugin_schema_migrations VALUES('community_engine','38');
INSERT INTO plugin_schema_migrations VALUES('community_engine','39');
INSERT INTO plugin_schema_migrations VALUES('community_engine','40');
INSERT INTO plugin_schema_migrations VALUES('community_engine','41');
INSERT INTO plugin_schema_migrations VALUES('community_engine','42');
INSERT INTO plugin_schema_migrations VALUES('community_engine','43');
INSERT INTO plugin_schema_migrations VALUES('community_engine','44');
INSERT INTO plugin_schema_migrations VALUES('community_engine','45');
INSERT INTO plugin_schema_migrations VALUES('community_engine','46');
INSERT INTO plugin_schema_migrations VALUES('community_engine','47');
INSERT INTO plugin_schema_migrations VALUES('community_engine','49');
INSERT INTO plugin_schema_migrations VALUES('community_engine','50');
INSERT INTO plugin_schema_migrations VALUES('community_engine','51');
INSERT INTO plugin_schema_migrations VALUES('community_engine','52');
INSERT INTO plugin_schema_migrations VALUES('community_engine','53');
INSERT INTO plugin_schema_migrations VALUES('community_engine','54');
INSERT INTO plugin_schema_migrations VALUES('community_engine','55');
INSERT INTO plugin_schema_migrations VALUES('community_engine','56');
INSERT INTO plugin_schema_migrations VALUES('community_engine','57');
INSERT INTO plugin_schema_migrations VALUES('community_engine','58');
INSERT INTO plugin_schema_migrations VALUES('community_engine','59');
INSERT INTO plugin_schema_migrations VALUES('community_engine','60');
INSERT INTO plugin_schema_migrations VALUES('community_engine','61');
INSERT INTO plugin_schema_migrations VALUES('community_engine','62');
INSERT INTO plugin_schema_migrations VALUES('community_engine','63');
INSERT INTO plugin_schema_migrations VALUES('community_engine','64');
INSERT INTO plugin_schema_migrations VALUES('community_engine','65');
INSERT INTO plugin_schema_migrations VALUES('community_engine','66');
INSERT INTO plugin_schema_migrations VALUES('community_engine','67');
INSERT INTO plugin_schema_migrations VALUES('community_engine','68');
INSERT INTO plugin_schema_migrations VALUES('community_engine','69');
INSERT INTO plugin_schema_migrations VALUES('community_engine','70');
INSERT INTO plugin_schema_migrations VALUES('community_engine','71');
INSERT INTO plugin_schema_migrations VALUES('community_engine','72');
INSERT INTO plugin_schema_migrations VALUES('community_engine','73');
DROP TABLE IF EXISTS photos;
CREATE TABLE IF NOT EXISTS `photos` (`id` INTEGER PRIMARY KEY AUTOINCREMENT NOT NULL, `name` varchar(255), `description` text, `created_at` datetime, `updated_at` datetime, `user_id` integer, `content_type` varchar(255), `filename` varchar(255), `size` integer, `parent_id` integer, `thumbnail` varchar(255), `width` integer, `height` integer, `album_id` integer, `view_count` integer);
INSERT INTO photos VALUES(1,NULL,NULL,`2010-02-10 02:03:41`,`2010-02-10 02:03:41`,1,`image/png`,`example_site.png`,582159,NULL,NULL,465,321,NULL,NULL);
INSERT INTO photos VALUES(2,NULL,NULL,'2010-02-10 02:03:42','2010-02-10 02:03:42',NULL,'image/png','example_site_large.png',141602,1,'large',465,321,NULL,NULL);
INSERT INTO photos VALUES(3,NULL,NULL,'2010-02-10 02:03:42','2010-02-10 02:03:42',NULL,'image/png','example_site_medium.png',141602,1,'medium',290,320,NULL,NULL);
INSERT INTO photos VALUES(4,NULL,NULL,'2010-02-10 02:03:42','2010-02-10 02:03:42',NULL,'image/png','example_site_thumb.png',141602,1,'thumb',100,100,NULL,NULL);
INSERT INTO photos VALUES(5,'Screenshot','screenshot blarg','2010-02-19 03:46:38','2010-03-20 04:00:56',3,'image/jpeg','where_you_should_look.jpg',25500,NULL,NULL,465,520,NULL,NULL);
INSERT INTO photos VALUES(6,NULL,NULL,'2010-02-19 03:46:38','2010-03-20 04:00:56',NULL,'image/jpeg','where_you_should_look_large.jpg',25430,5,'large',465,520,NULL,NULL);
INSERT INTO photos VALUES(7,NULL,NULL,'2010-02-19 03:46:38','2010-03-20 04:00:56',NULL,'image/jpeg','where_you_should_look_medium.jpg',25430,5,'medium',290,320,NULL,NULL);
INSERT INTO photos VALUES(8,NULL,NULL,'2010-02-19 03:46:38','2010-03-20 04:00:57',NULL,'image/jpeg','where_you_should_look_thumb.jpg',25430,5,'thumb',100,100,NULL,NULL);
INSERT INTO photos VALUES(9,'Dock','picture of a dock arg ','2010-03-19 04:33:13','2010-03-20 19:19:48',3,'image/jpeg','dock.jpg',47391,NULL,NULL,465,349,NULL,NULL);
INSERT INTO photos VALUES(10,NULL,NULL,'2010-03-19 04:33:13','2010-03-20 19:19:48',NULL,'image/jpeg','dock_large.jpg',47413,9,'large',465,349,NULL,NULL);
INSERT INTO photos VALUES(11,NULL,NULL,'2010-03-19 04:33:13','2010-03-20 19:19:48',NULL,'image/jpeg','dock_medium.jpg',47413,9,'medium',290,320,NULL,NULL);
INSERT INTO photos VALUES(12,NULL,NULL,'2010-03-19 04:33:13','2010-03-20 19:19:48',NULL,'image/jpeg','dock_thumb.jpg',47413,9,'thumb',100,100,NULL,NULL);
INSERT INTO photos VALUES(13,'coffee','description','2010-03-20 03:17:33','2010-03-20 03:17:33',3,'image/png','coffee.png',319084,NULL,NULL,465,291,NULL,NULL);
INSERT INTO photos VALUES(14,NULL,NULL,'2010-03-20 03:17:33','2010-03-20 03:17:33',NULL,'image/png','coffee_large.png',46654,13,'large',465,291,NULL,NULL);
INSERT INTO photos VALUES(15,NULL,NULL,'2010-03-20 03:17:33','2010-03-20 03:17:33',NULL,'image/png','coffee_medium.png',46654,13,'medium',290,320,NULL,NULL);
INSERT INTO photos VALUES(16,NULL,NULL,'2010-03-20 03:17:33','2010-03-20 03:17:33',NULL,'image/png','coffee_thumb.png',46654,13,'thumb',100,100,NULL,NULL);
INSERT INTO photos VALUES(17,NULL,NULL,'2010-04-06 01:30:53','2010-04-06 01:30:53',5,'image/jpeg','img00017-20091231-1947.jpg',383696,NULL,NULL,465,349,NULL,NULL);
INSERT INTO photos VALUES(18,NULL,NULL,'2010-04-06 01:30:54','2010-04-06 01:30:54',NULL,'image/jpeg','img00017-20091231-1947_large.jpg',30055,17,'large',465,349,NULL,NULL);
INSERT INTO photos VALUES(19,NULL,NULL,'2010-04-06 01:30:54','2010-04-06 01:30:54',NULL,'image/jpeg','img00017-20091231-1947_medium.jpg',30055,17,'medium',290,320,NULL,NULL);
INSERT INTO photos VALUES(20,NULL,NULL,'2010-04-06 01:30:54','2010-04-06 01:30:54',NULL,'image/jpeg','img00017-20091231-1947_thumb.jpg',30055,17,'thumb',100,100,NULL,NULL);
INSERT INTO photos VALUES(21,'Desert Test','Another test picture','2010-04-17 16:13:14','2010-04-17 16:13:14',3,'image/jpeg','desert_landscape.jpg',228863,NULL,NULL,465,349,NULL,NULL);
INSERT INTO photos VALUES(22,NULL,NULL,'2010-04-17 16:13:14','2010-04-17 16:13:14',NULL,'image/jpeg','desert_landscape_large.jpg',86141,21,'large',465,349,NULL,NULL);
INSERT INTO photos VALUES(23,NULL,NULL,'2010-04-17 16:13:14','2010-04-17 16:13:14',NULL,'image/jpeg','desert_landscape_medium.jpg',86141,21,'medium',290,320,NULL,NULL);
INSERT INTO photos VALUES(24,NULL,NULL,'2010-04-17 16:13:14','2010-04-17 16:13:14',NULL,'image/jpeg','desert_landscape_thumb.jpg',86141,21,'thumb',100,100,NULL,NULL);
DROP TABLE IF EXISTS tags;
CREATE TABLE IF NOT EXISTS `tags` (`id` INTEGER PRIMARY KEY AUTOINCREMENT NOT NULL, `name` varchar(255), `taggings_count` integer DEFAULT 0);
INSERT INTO tags VALUES(1,`Art`,1);
INSERT INTO tags VALUES(2,'Dock',2);
INSERT INTO tags VALUES(3,'scenary',1);
DROP TABLE IF EXISTS taggings;
CREATE TABLE IF NOT EXISTS `taggings` (`id` INTEGER PRIMARY KEY AUTOINCREMENT NOT NULL, `tag_id` integer, `taggable_id` integer, `taggable_type` varchar(255));
INSERT INTO taggings VALUES(1,1,1,`User`);
INSERT INTO taggings VALUES(2,2,9,'Photo');
INSERT INTO taggings VALUES(3,3,9,'Photo');
INSERT INTO taggings VALUES(4,2,13,'Photo');
DROP TABLE IF EXISTS friendships;
CREATE TABLE IF NOT EXISTS `friendships` (`id` INTEGER PRIMARY KEY AUTOINCREMENT NOT NULL, `friend_id` integer, `user_id` integer, `initiator` boolean DEFAULT0 `created_at` datetime, `friendship_status_id` integer);
DROP TABLE IF EXISTS friendship_statuses;
CREATE TABLE IF NOT EXISTS `friendship_statuses` (`id` INTEGER PRIMARY KEY AUTOINCREMENT NOT NULL, `name` varchar(255));
INSERT INTO friendship_statuses VALUES(1,`pending`);
INSERT INTO friendship_statuses VALUES(2,'accepted');
INSERT INTO friendship_statuses VALUES(3,'denied');
DROP TABLE IF EXISTS clippings;
CREATE TABLE IF NOT EXISTS `clippings` (`id` INTEGER PRIMARY KEY AUTOINCREMENT NOT NULL, `url` varchar(255), `user_id` integer, `image_url` varchar(255), `description` varchar(255), `created_at` datetime, `updated_at` datetime, `favorited_count` integer DEFAULT 0);
DROP TABLE IF EXISTS invitations;
CREATE TABLE IF NOT EXISTS `invitations` (`id` INTEGER PRIMARY KEY AUTOINCREMENT NOT NULL, `email_addresses` varchar(255), `message` varchar(255), `user_id` integer, `created_at` datetime);
DROP TABLE IF EXISTS homepage_features;
CREATE TABLE IF NOT EXISTS `homepage_features` (`id` INTEGER PRIMARY KEY AUTOINCREMENT NOT NULL, `created_at` datetime, `url` varchar(255), `title` varchar(255), `description` text, `updated_at` datetime, `content_type` varchar(255), `filename` varchar(255), `parent_id` integer, `thumbnail` varchar(255), `size` integer, `width` integer, `height` integer);
DROP TABLE IF EXISTS posts;
CREATE TABLE IF NOT EXISTS `posts` (`id` INTEGER PRIMARY KEY AUTOINCREMENT NOT NULL, `created_at` datetime, `updated_at` datetime, `raw_post` text, `post` text, `title` varchar(255), `category_id` integer, `user_id` integer, `view_count` integer DEFAULT 0, `contest_id` integer, `emailed_count` integer DEFAULT 0, `favorited_count` integer DEFAULT 0, `published_as` varchar(16) DEFAULT `draft`, `published_at` datetime);
DROP TABLE IF EXISTS states;
CREATE TABLE IF NOT EXISTS `states` (`id` INTEGER PRIMARY KEY AUTOINCREMENT NOT NULL, `name` varchar(255));
INSERT INTO states VALUES(1,`AL`);
INSERT INTO states VALUES(2,'AK');
INSERT INTO states VALUES(3,'AZ');
INSERT INTO states VALUES(4,'AR');
INSERT INTO states VALUES(5,'CA');
INSERT INTO states VALUES(6,'CO');
INSERT INTO states VALUES(7,'CT');
INSERT INTO states VALUES(8,'DE');
INSERT INTO states VALUES(9,'DC');
INSERT INTO states VALUES(10,'FL');
INSERT INTO states VALUES(11,'GA');
INSERT INTO states VALUES(12,'HI');
INSERT INTO states VALUES(13,'ID');
INSERT INTO states VALUES(14,'IL');
INSERT INTO states VALUES(15,'IN');
INSERT INTO states VALUES(16,'IA');
INSERT INTO states VALUES(17,'KS');
INSERT INTO states VALUES(18,'KY');
INSERT INTO states VALUES(19,'LA');
INSERT INTO states VALUES(20,'ME');
INSERT INTO states VALUES(21,'MD');
INSERT INTO states VALUES(22,'MA');
INSERT INTO states VALUES(23,'MI');
INSERT INTO states VALUES(24,'MN');
INSERT INTO states VALUES(25,'MS');
INSERT INTO states VALUES(26,'MO');
INSERT INTO states VALUES(27,'MT');
INSERT INTO states VALUES(28,'NE');
INSERT INTO states VALUES(29,'NV');
INSERT INTO states VALUES(30,'NH');
INSERT INTO states VALUES(31,'NJ');
INSERT INTO states VALUES(32,'NM');
INSERT INTO states VALUES(33,'NY');
INSERT INTO states VALUES(34,'NC');
INSERT INTO states VALUES(35,'ND');
INSERT INTO states VALUES(36,'OH');
INSERT INTO states VALUES(37,'OK');
INSERT INTO states VALUES(38,'OR');
INSERT INTO states VALUES(39,'PA');
INSERT INTO states VALUES(40,'RI');
INSERT INTO states VALUES(41,'SC');
INSERT INTO states VALUES(42,'SD');
INSERT INTO states VALUES(43,'TN');
INSERT INTO states VALUES(44,'TX');
INSERT INTO states VALUES(45,'UT');
INSERT INTO states VALUES(46,'VT');
INSERT INTO states VALUES(47,'VA');
INSERT INTO states VALUES(48,'WA');
INSERT INTO states VALUES(49,'WV');
INSERT INTO states VALUES(50,'WI');
INSERT INTO states VALUES(51,'WY');
DROP TABLE IF EXISTS metro_areas;
CREATE TABLE IF NOT EXISTS `metro_areas` (`id` INTEGER PRIMARY KEY AUTOINCREMENT NOT NULL, `name` varchar(255), `state_id` integer, `country_id` integer, `users_count` integer DEFAULT 0);
INSERT INTO metro_areas VALUES(1,`Abilene`,44,208,0);
INSERT INTO metro_areas VALUES(2,'Akron',36,208,0);
INSERT INTO metro_areas VALUES(3,'Albany',33,208,0);
INSERT INTO metro_areas VALUES(4,'Albuquerque',32,208,0);
INSERT INTO metro_areas VALUES(5,'Alexandria',19,208,0);
INSERT INTO metro_areas VALUES(6,'Allentown',39,208,0);
INSERT INTO metro_areas VALUES(7,'Amarillo',44,208,0);
INSERT INTO metro_areas VALUES(8,'Anchorage',2,208,0);
INSERT INTO metro_areas VALUES(9,'Ann Arbor',23,208,0);
INSERT INTO metro_areas VALUES(10,'Appleton',50,208,0);
INSERT INTO metro_areas VALUES(11,'Asheville',34,208,0);
INSERT INTO metro_areas VALUES(12,'Athens',11,208,0);
INSERT INTO metro_areas VALUES(13,'Atlanta',11,208,0);
INSERT INTO metro_areas VALUES(14,'Auburn / Lewiston',20,208,0);
INSERT INTO metro_areas VALUES(15,'Augusta',11,208,0);
INSERT INTO metro_areas VALUES(16,'Austin',44,208,0);
INSERT INTO metro_areas VALUES(17,'Bakersfield',5,208,0);
INSERT INTO metro_areas VALUES(18,'Baltimore',21,208,1);
INSERT INTO metro_areas VALUES(19,'Bangor',20,208,0);
INSERT INTO metro_areas VALUES(20,'Baton Rouge',19,208,0);
INSERT INTO metro_areas VALUES(21,'Beaumont',44,208,0);
INSERT INTO metro_areas VALUES(22,'Bellevue',48,208,0);
INSERT INTO metro_areas VALUES(23,'Bellingham',48,208,0);
INSERT INTO metro_areas VALUES(24,'Bend',38,208,0);
INSERT INTO metro_areas VALUES(25,'Billings',27,208,0);
INSERT INTO metro_areas VALUES(26,'Binghamton',33,208,0);
INSERT INTO metro_areas VALUES(27,'Birmingham',1,208,0);
INSERT INTO metro_areas VALUES(28,'Bismarck',35,208,0);
INSERT INTO metro_areas VALUES(29,'Bloomington',15,208,0);
INSERT INTO metro_areas VALUES(30,'Boise',13,208,0);
INSERT INTO metro_areas VALUES(31,'Boston',22,208,0);
INSERT INTO metro_areas VALUES(32,'Boulder',6,208,0);
INSERT INTO metro_areas VALUES(33,'Bowling Green',18,208,0);
INSERT INTO metro_areas VALUES(34,'Bozeman',27,208,0);
INSERT INTO metro_areas VALUES(35,'Bridgeport / Stamford',7,208,0);
INSERT INTO metro_areas VALUES(36,'Buffalo',33,208,0);
INSERT INTO metro_areas VALUES(37,'Burlington',46,208,0);
INSERT INTO metro_areas VALUES(38,'Cape Cod',22,208,0);
INSERT INTO metro_areas VALUES(39,'Cape Coral / Fort Myers',10,208,0);
INSERT INTO metro_areas VALUES(40,'Carson City',29,208,0);
INSERT INTO metro_areas VALUES(41,'Casper',51,208,0);
INSERT INTO metro_areas VALUES(42,'Cedar Rapids',16,208,0);
INSERT INTO metro_areas VALUES(43,'Central Alaska',2,208,0);
INSERT INTO metro_areas VALUES(44,'Central Coast',5,208,0);
INSERT INTO metro_areas VALUES(45,'Central Jersey',31,208,0);
INSERT INTO metro_areas VALUES(46,'Charleston',41,208,0);
INSERT INTO metro_areas VALUES(47,'Charleston',49,208,0);
INSERT INTO metro_areas VALUES(48,'Charlotte',34,208,0);
INSERT INTO metro_areas VALUES(49,'Charlottesville',47,208,0);
INSERT INTO metro_areas VALUES(50,'Chattanooga',43,208,0);
INSERT INTO metro_areas VALUES(51,'Cheyenne',51,208,0);
INSERT INTO metro_areas VALUES(52,'Chicago',14,208,0);
INSERT INTO metro_areas VALUES(53,'Chico',5,208,0);
INSERT INTO metro_areas VALUES(54,'Cincinnati',36,208,0);
INSERT INTO metro_areas VALUES(55,'Cleveland',36,208,0);
INSERT INTO metro_areas VALUES(56,'College Station',44,208,0);
INSERT INTO metro_areas VALUES(57,'Colorado Springs',6,208,0);
INSERT INTO metro_areas VALUES(58,'Columbia',41,208,0);
INSERT INTO metro_areas VALUES(59,'Columbus',36,208,0);
INSERT INTO metro_areas VALUES(60,'Concord',30,208,0);
INSERT INTO metro_areas VALUES(61,'Corpus Christi',44,208,0);
INSERT INTO metro_areas VALUES(62,'Corvallis',38,208,0);
INSERT INTO metro_areas VALUES(63,'Dallas / Fort Worth',44,208,0);
INSERT INTO metro_areas VALUES(64,'Davenport',16,208,0);
INSERT INTO metro_areas VALUES(65,'Dayton',36,208,0);
INSERT INTO metro_areas VALUES(66,'Daytona Beach',10,208,0);
INSERT INTO metro_areas VALUES(67,'Denver',6,208,0);
INSERT INTO metro_areas VALUES(68,'Des Moines',16,208,1);
INSERT INTO metro_areas VALUES(69,'Detroit',23,208,0);
INSERT INTO metro_areas VALUES(70,'Dothan',1,208,0);
INSERT INTO metro_areas VALUES(71,'Dover',8,208,0);
INSERT INTO metro_areas VALUES(72,'Duluth',24,208,0);
INSERT INTO metro_areas VALUES(73,'East Bay',5,208,0);
INSERT INTO metro_areas VALUES(74,'East Lansing',23,208,0);
INSERT INTO metro_areas VALUES(75,'Eastern Idaho',13,208,0);
INSERT INTO metro_areas VALUES(76,'Eau Claire',50,208,0);
INSERT INTO metro_areas VALUES(77,'El Paso',44,208,0);
INSERT INTO metro_areas VALUES(78,'Erie',39,208,0);
INSERT INTO metro_areas VALUES(79,'Eugene',38,208,0);
INSERT INTO metro_areas VALUES(80,'Evansville',15,208,0);
INSERT INTO metro_areas VALUES(81,'Fargo',35,208,0);
INSERT INTO metro_areas VALUES(82,'Farmington',32,208,0);
INSERT INTO metro_areas VALUES(83,'Fayetteville',4,208,0);
INSERT INTO metro_areas VALUES(84,'Fayetteville',34,208,0);
INSERT INTO metro_areas VALUES(85,'Flint',23,208,0);
INSERT INTO metro_areas VALUES(86,'Florence',41,208,0);
INSERT INTO metro_areas VALUES(87,'Fort Lauderdale',10,208,0);
INSERT INTO metro_areas VALUES(88,'Fort Smith',4,208,0);
INSERT INTO metro_areas VALUES(89,'Fort Wayne',15,208,0);
INSERT INTO metro_areas VALUES(90,'Fresno',5,208,0);
INSERT INTO metro_areas VALUES(91,'Gainesville',10,208,0);
INSERT INTO metro_areas VALUES(92,'Grand Forks',35,208,0);
INSERT INTO metro_areas VALUES(93,'Grand Rapids',23,208,0);
INSERT INTO metro_areas VALUES(94,'Great Falls',27,208,0);
INSERT INTO metro_areas VALUES(95,'Green Bay',50,208,0);
INSERT INTO metro_areas VALUES(96,'Greensboro',34,208,0);
INSERT INTO metro_areas VALUES(97,'Greenville',34,208,0);
INSERT INTO metro_areas VALUES(98,'Greenville',41,208,0);
INSERT INTO metro_areas VALUES(99,'Gulfport / Biloxi',25,208,0);
INSERT INTO metro_areas VALUES(100,'Harrisburg',39,208,0);
INSERT INTO metro_areas VALUES(101,'Hartford',7,208,0);
INSERT INTO metro_areas VALUES(102,'Hattiesburg',25,208,0);
INSERT INTO metro_areas VALUES(103,'Hawaii',12,208,0);
INSERT INTO metro_areas VALUES(104,'Hoboken / Jersey City',31,208,0);
INSERT INTO metro_areas VALUES(105,'Houston',44,208,0);
INSERT INTO metro_areas VALUES(106,'Huntington',49,208,0);
INSERT INTO metro_areas VALUES(107,'Huntsville / Decatur',1,208,0);
INSERT INTO metro_areas VALUES(108,'Indianapolis',15,208,0);
INSERT INTO metro_areas VALUES(109,'Inland Empire',5,208,0);
INSERT INTO metro_areas VALUES(110,'Ithaca',33,208,0);
INSERT INTO metro_areas VALUES(111,'Jackson',25,208,0);
INSERT INTO metro_areas VALUES(112,'Jacksonville',10,208,0);
INSERT INTO metro_areas VALUES(113,'Jefferson City / Columbia',26,208,0);
INSERT INTO metro_areas VALUES(114,'Jersey Shore',31,208,0);
INSERT INTO metro_areas VALUES(115,'Jonesboro',4,208,0);
INSERT INTO metro_areas VALUES(116,'Juneau',2,208,0);
INSERT INTO metro_areas VALUES(117,'Kalamazoo / Battle Creek',23,208,0);
INSERT INTO metro_areas VALUES(118,'Kansas City',26,208,0);
INSERT INTO metro_areas VALUES(119,'Kearney',28,208,0);
INSERT INTO metro_areas VALUES(120,'Kingsport',43,208,0);
INSERT INTO metro_areas VALUES(121,'Knoxville',43,208,0);
INSERT INTO metro_areas VALUES(122,'La Crosse',50,208,0);
INSERT INTO metro_areas VALUES(123,'Lafayette',15,208,0);
INSERT INTO metro_areas VALUES(124,'Lafayette',19,208,0);
INSERT INTO metro_areas VALUES(125,'Lake Charles',19,208,0);
INSERT INTO metro_areas VALUES(126,'Lancaster',39,208,0);
INSERT INTO metro_areas VALUES(127,'Laredo',44,208,0);
INSERT INTO metro_areas VALUES(128,'Las Cruces',32,208,0);
INSERT INTO metro_areas VALUES(129,'Las Vegas',29,208,0);
INSERT INTO metro_areas VALUES(130,'Lawton',37,208,0);
INSERT INTO metro_areas VALUES(131,'Lexington',18,208,0);
INSERT INTO metro_areas VALUES(132,'Lima',36,208,0);
INSERT INTO metro_areas VALUES(133,'Lincoln',28,208,0);
INSERT INTO metro_areas VALUES(134,'Little Rock',4,208,0);
INSERT INTO metro_areas VALUES(135,'Logan',45,208,0);
INSERT INTO metro_areas VALUES(136,'Longview / Tyler',44,208,0);
INSERT INTO metro_areas VALUES(137,'Los Angeles',5,208,0);
INSERT INTO metro_areas VALUES(138,'Louisville',18,208,0);
INSERT INTO metro_areas VALUES(139,'Lowell',22,208,0);
INSERT INTO metro_areas VALUES(140,'Lubbock',44,208,0);
INSERT INTO metro_areas VALUES(141,'Lynchburg',47,208,0);
INSERT INTO metro_areas VALUES(142,'Macon / Warner Robins',11,208,0);
INSERT INTO metro_areas VALUES(143,'Madison',50,208,0);
INSERT INTO metro_areas VALUES(144,'Manchester',30,208,0);
INSERT INTO metro_areas VALUES(145,'Mansfield',36,208,0);
INSERT INTO metro_areas VALUES(146,'Medford',38,208,0);
INSERT INTO metro_areas VALUES(147,'Memphis',43,208,0);
INSERT INTO metro_areas VALUES(148,'Miami',10,208,0);
INSERT INTO metro_areas VALUES(149,'Midland / Odessa',44,208,0);
INSERT INTO metro_areas VALUES(150,'Milwaukee',50,208,0);
INSERT INTO metro_areas VALUES(151,'Minneapolis / St. Paul',24,208,0);
INSERT INTO metro_areas VALUES(152,'Missoula',27,208,0);
INSERT INTO metro_areas VALUES(153,'Mobile',1,208,0);
INSERT INTO metro_areas VALUES(154,'Monroe',19,208,0);
INSERT INTO metro_areas VALUES(155,'Monterey Bay',5,208,0);
INSERT INTO metro_areas VALUES(156,'Montgomery',1,208,0);
INSERT INTO metro_areas VALUES(157,'Morgantown',49,208,0);
INSERT INTO metro_areas VALUES(158,'Myrtle Beach',41,208,0);
INSERT INTO metro_areas VALUES(159,'Naples',10,208,0);
INSERT INTO metro_areas VALUES(160,'Nashville',43,208,0);
INSERT INTO metro_areas VALUES(161,'Nassau County',33,208,0);
INSERT INTO metro_areas VALUES(162,'New Haven',7,208,0);
INSERT INTO metro_areas VALUES(163,'New Orleans',19,208,0);
INSERT INTO metro_areas VALUES(164,'New York',33,208,1);
INSERT INTO metro_areas VALUES(165,'Newark',31,208,0);
INSERT INTO metro_areas VALUES(166,'Newport',40,208,0);
INSERT INTO metro_areas VALUES(167,'North Jersey',31,208,0);
INSERT INTO metro_areas VALUES(168,'North Platte',28,208,0);
INSERT INTO metro_areas VALUES(169,'Northern Arizona',3,208,0);
INSERT INTO metro_areas VALUES(170,'Northern Colorado',6,208,0);
INSERT INTO metro_areas VALUES(171,'Northern Indiana',15,208,0);
INSERT INTO metro_areas VALUES(172,'Ocala',10,208,0);
INSERT INTO metro_areas VALUES(173,'Ogden',45,208,0);
INSERT INTO metro_areas VALUES(174,'Oklahoma City',37,208,0);
INSERT INTO metro_areas VALUES(175,'Olympia',48,208,0);
INSERT INTO metro_areas VALUES(176,'Omaha',28,208,0);
INSERT INTO metro_areas VALUES(177,'Orange County',5,208,0);
INSERT INTO metro_areas VALUES(178,'Orlando',10,208,0);
INSERT INTO metro_areas VALUES(179,'Oshkosh',50,208,0);
INSERT INTO metro_areas VALUES(180,'Panama City',10,208,0);
INSERT INTO metro_areas VALUES(181,'Parkersburg',49,208,0);
INSERT INTO metro_areas VALUES(182,'Peoria',14,208,0);
INSERT INTO metro_areas VALUES(183,'Philadelphia',39,208,0);
INSERT INTO metro_areas VALUES(184,'Phoenix',3,208,0);
INSERT INTO metro_areas VALUES(185,'Pierre',42,208,0);
INSERT INTO metro_areas VALUES(186,'Pittsburgh',39,208,0);
INSERT INTO metro_areas VALUES(187,'Portland',20,208,0);
INSERT INTO metro_areas VALUES(188,'Portland',38,208,0);
INSERT INTO metro_areas VALUES(189,'Poughkeepsie',33,208,0);
INSERT INTO metro_areas VALUES(190,'Providence',40,208,0);
INSERT INTO metro_areas VALUES(191,'Provo',45,208,0);
INSERT INTO metro_areas VALUES(192,'Raleigh / Durham',34,208,0);
INSERT INTO metro_areas VALUES(193,'Rapid City',42,208,0);
INSERT INTO metro_areas VALUES(194,'Reading',39,208,0);
INSERT INTO metro_areas VALUES(195,'Redding',5,208,0);
INSERT INTO metro_areas VALUES(196,'Reno',29,208,0);
INSERT INTO metro_areas VALUES(197,'Richmond',47,208,0);
INSERT INTO metro_areas VALUES(198,'Rio Grande Valley',44,208,0);
INSERT INTO metro_areas VALUES(199,'Roanoke',47,208,0);
INSERT INTO metro_areas VALUES(200,'Rochester',33,208,0);
INSERT INTO metro_areas VALUES(201,'Rockford',14,208,0);
INSERT INTO metro_areas VALUES(202,'Sacramento',5,208,0);
INSERT INTO metro_areas VALUES(203,'Saginaw / Bay City',23,208,0);
INSERT INTO metro_areas VALUES(204,'Salem',38,208,0);
INSERT INTO metro_areas VALUES(205,'Salisbury',21,208,0);
INSERT INTO metro_areas VALUES(206,'Salt Lake City',45,208,0);
INSERT INTO metro_areas VALUES(207,'San Angelo',44,208,0);
INSERT INTO metro_areas VALUES(208,'San Antonio',44,208,0);
INSERT INTO metro_areas VALUES(209,'San Diego',5,208,0);
INSERT INTO metro_areas VALUES(210,'San Francisco',5,208,0);
INSERT INTO metro_areas VALUES(211,'Santa Barbara',5,208,0);
INSERT INTO metro_areas VALUES(212,'Santa Cruz',5,208,0);
INSERT INTO metro_areas VALUES(213,'Santa Fe',32,208,0);
INSERT INTO metro_areas VALUES(214,'Sarasota',10,208,0);
INSERT INTO metro_areas VALUES(215,'Savannah',11,208,0);
INSERT INTO metro_areas VALUES(216,'Scottsbluff',28,208,0);
INSERT INTO metro_areas VALUES(217,'Scranton',39,208,0);
INSERT INTO metro_areas VALUES(218,'Seattle',48,208,0);
INSERT INTO metro_areas VALUES(219,'Sheboygan',50,208,0);
INSERT INTO metro_areas VALUES(220,'Shreveport',19,208,0);
INSERT INTO metro_areas VALUES(221,'Silicon Valley',5,208,0);
INSERT INTO metro_areas VALUES(222,'Sioux City',16,208,0);
INSERT INTO metro_areas VALUES(223,'Sioux Falls',42,208,0);
INSERT INTO metro_areas VALUES(224,'Sonoma / Napa',5,208,0);
INSERT INTO metro_areas VALUES(225,'South Jersey',31,208,0);
INSERT INTO metro_areas VALUES(226,'Southern Georgia',11,208,0);
INSERT INTO metro_areas VALUES(227,'Spokane',48,208,0);
INSERT INTO metro_areas VALUES(228,'Springfield',22,208,0);
INSERT INTO metro_areas VALUES(229,'Springfield',26,208,0);
INSERT INTO metro_areas VALUES(230,'Saint Cloud',24,208,0);
INSERT INTO metro_areas VALUES(231,'Saint George',45,208,0);
INSERT INTO metro_areas VALUES(232,'Saint Louis',26,208,0);
INSERT INTO metro_areas VALUES(233,'State College',39,208,0);
INSERT INTO metro_areas VALUES(234,'Stockton / Modesto',5,208,0);
INSERT INTO metro_areas VALUES(235,'Suffolk County',33,208,0);
INSERT INTO metro_areas VALUES(236,'Syracuse',33,208,0);
INSERT INTO metro_areas VALUES(237,'Tacoma',48,208,0);
INSERT INTO metro_areas VALUES(238,'Tallahassee',10,208,0);
INSERT INTO metro_areas VALUES(239,'Tampa Bay',10,208,0);
INSERT INTO metro_areas VALUES(240,'Terre Haute',15,208,0);
INSERT INTO metro_areas VALUES(241,'Toledo',36,208,0);
INSERT INTO metro_areas VALUES(242,'Topeka',17,208,0);
INSERT INTO metro_areas VALUES(243,'Trenton / Princeton',31,208,0);
INSERT INTO metro_areas VALUES(244,'Tri-Cities',48,208,0);
INSERT INTO metro_areas VALUES(245,'Tucson',3,208,0);
INSERT INTO metro_areas VALUES(246,'Tulsa',37,208,0);
INSERT INTO metro_areas VALUES(247,'Tupelo',25,208,0);
INSERT INTO metro_areas VALUES(248,'Urbana / Champaign',14,208,0);
INSERT INTO metro_areas VALUES(249,'Utica',33,208,0);
INSERT INTO metro_areas VALUES(250,'Ventura County',5,208,0);
INSERT INTO metro_areas VALUES(251,'Victoria',44,208,0);
INSERT INTO metro_areas VALUES(252,'Virginia Beach / Norfolk',47,208,0);
INSERT INTO metro_areas VALUES(253,'Waco',44,208,0);
INSERT INTO metro_areas VALUES(254,'Washington',9,208,0);
INSERT INTO metro_areas VALUES(255,'Waterloo',16,208,0);
INSERT INTO metro_areas VALUES(256,'Wausau',50,208,0);
INSERT INTO metro_areas VALUES(257,'Wenatchee',48,208,0);
INSERT INTO metro_areas VALUES(258,'West Palm Beach',10,208,0);
INSERT INTO metro_areas VALUES(259,'Westchester',33,208,0);
INSERT INTO metro_areas VALUES(260,'Western Arizona',3,208,0);
INSERT INTO metro_areas VALUES(261,'Western Colorado',6,208,0);
INSERT INTO metro_areas VALUES(262,'Wheeling',49,208,0);
INSERT INTO metro_areas VALUES(263,'Wichita Falls',44,208,0);
INSERT INTO metro_areas VALUES(264,'Wichita',17,208,0);
INSERT INTO metro_areas VALUES(265,'Williamsport',39,208,0);
INSERT INTO metro_areas VALUES(266,'Wilmington',8,208,0);
INSERT INTO metro_areas VALUES(267,'Wilmington',34,208,0);
INSERT INTO metro_areas VALUES(268,'Winston Salem',34,208,0);
INSERT INTO metro_areas VALUES(269,'Worcester',22,208,0);
INSERT INTO metro_areas VALUES(270,'Yakima',48,208,0);
INSERT INTO metro_areas VALUES(271,'York',39,208,0);
INSERT INTO metro_areas VALUES(272,'Youngstown',36,208,0);
DROP TABLE IF EXISTS sessions;
CREATE TABLE IF NOT EXISTS `sessions` (`id` INTEGER PRIMARY KEY AUTOINCREMENT NOT NULL, `sessid` varchar(255), `data` text, `updated_at` datetime, `created_at` datetime);
DROP TABLE IF EXISTS categories;
CREATE TABLE IF NOT EXISTS `categories` (`id` INTEGER PRIMARY KEY AUTOINCREMENT NOT NULL, `name` varchar(255), `tips` text, `new_post_text` varchar(255), `nav_text` varchar(255));
DROP TABLE IF EXISTS comments;
CREATE TABLE IF NOT EXISTS `comments` (`id` INTEGER PRIMARY KEY AUTOINCREMENT NOT NULL, `title` varchar(50) DEFAULT ``, `created_at` datetime NOT NULL, `commentable_id` integer DEFAULT 0 NOT NULL, `commentable_type` varchar(15) DEFAULT `` NOT NULL, `user_id` integer DEFAULT 0 NOT NULL, `recipient_id` integer, `comment` text, `author_name` varchar(255), `author_email` varchar(255), `author_url` varchar(255), `author_ip` varchar(255), `notify_by_email` boolean DEFAULT1;
DROP TABLE IF EXISTS countries;
CREATE TABLE IF NOT EXISTS `countries` (`id` INTEGER PRIMARY KEY AUTOINCREMENT NOT NULL, `name` varchar(255));
INSERT INTO countries VALUES(1,`Abuja`);
INSERT INTO countries VALUES(2,'Afghanistan');
INSERT INTO countries VALUES(3,'Akrotiri');
INSERT INTO countries VALUES(4,'Albania');
INSERT INTO countries VALUES(5,'Algeria');
INSERT INTO countries VALUES(6,'American Samoa');
INSERT INTO countries VALUES(7,'Andorra');
INSERT INTO countries VALUES(8,'Angola');
INSERT INTO countries VALUES(9,'Anguilla');
INSERT INTO countries VALUES(10,'Antarctica');
INSERT INTO countries VALUES(11,'Antigua');
INSERT INTO countries VALUES(12,'Argentina');
INSERT INTO countries VALUES(13,'Armenia');
INSERT INTO countries VALUES(14,'Aruba');
INSERT INTO countries VALUES(15,'Ashmore and Cartier Islands');
INSERT INTO countries VALUES(16,'Australia');
INSERT INTO countries VALUES(17,'Austria');
INSERT INTO countries VALUES(18,'Azerbaijan');
INSERT INTO countries VALUES(19,'Bahrain');
INSERT INTO countries VALUES(20,'Bangladesh');
INSERT INTO countries VALUES(21,'Barbados');
INSERT INTO countries VALUES(22,'Belarus');
INSERT INTO countries VALUES(23,'Belgium');
INSERT INTO countries VALUES(24,'Belize');
INSERT INTO countries VALUES(25,'Benin');
INSERT INTO countries VALUES(26,'Bermuda');
INSERT INTO countries VALUES(27,'Bhutan');
INSERT INTO countries VALUES(28,'Bolivia');
INSERT INTO countries VALUES(29,'Bosnia and Herzegovina');
INSERT INTO countries VALUES(30,'Botswana');
INSERT INTO countries VALUES(31,'Brazil');
INSERT INTO countries VALUES(32,'British Virgin Islands');
INSERT INTO countries VALUES(33,'Brunei');
INSERT INTO countries VALUES(34,'Bulgaria');
INSERT INTO countries VALUES(35,'Burkina Faso');
INSERT INTO countries VALUES(36,'Burundi');
INSERT INTO countries VALUES(37,'Canada');
INSERT INTO countries VALUES(38,'Cambodia');
INSERT INTO countries VALUES(39,'Cameroon');
INSERT INTO countries VALUES(40,'Cape Verde');
INSERT INTO countries VALUES(41,'Cayman Islands');
INSERT INTO countries VALUES(42,'Central African Republic');
INSERT INTO countries VALUES(43,'Chad');
INSERT INTO countries VALUES(44,'Chile');
INSERT INTO countries VALUES(45,'China');
INSERT INTO countries VALUES(46,'Colombia');
INSERT INTO countries VALUES(47,'Comoros');
INSERT INTO countries VALUES(48,'Costa Rica');
INSERT INTO countries VALUES(49,'Cote d''Ivoire');
INSERT INTO countries VALUES(50,'Croatia');
INSERT INTO countries VALUES(51,'Cuba');
INSERT INTO countries VALUES(52,'Curacao');
INSERT INTO countries VALUES(53,'Cyprus');
INSERT INTO countries VALUES(54,'Czech Republic');
INSERT INTO countries VALUES(55,'Democratic Republic Congo');
INSERT INTO countries VALUES(56,'Denmark');
INSERT INTO countries VALUES(57,'Djibouti');
INSERT INTO countries VALUES(58,'Dominica');
INSERT INTO countries VALUES(59,'Dominican Republic');
INSERT INTO countries VALUES(60,'Ecuador');
INSERT INTO countries VALUES(61,'Egypt');
INSERT INTO countries VALUES(62,'El Salvador');
INSERT INTO countries VALUES(63,'Equatorial Guinea');
INSERT INTO countries VALUES(64,'Eritrea');
INSERT INTO countries VALUES(65,'Estonia');
INSERT INTO countries VALUES(66,'Ethiopia');
INSERT INTO countries VALUES(67,'Falkland Islands');
INSERT INTO countries VALUES(68,'Faroe Islands');
INSERT INTO countries VALUES(69,'Federated States of Micronesia');
INSERT INTO countries VALUES(70,'Fiji');
INSERT INTO countries VALUES(71,'Finland');
INSERT INTO countries VALUES(72,'France');
INSERT INTO countries VALUES(73,'French Guiana');
INSERT INTO countries VALUES(74,'French Polynesia');
INSERT INTO countries VALUES(75,'Gabon');
INSERT INTO countries VALUES(76,'Georgia');
INSERT INTO countries VALUES(77,'Germany');
INSERT INTO countries VALUES(78,'Ghana');
INSERT INTO countries VALUES(79,'Gibraltar');
INSERT INTO countries VALUES(80,'Greece');
INSERT INTO countries VALUES(81,'Greenland');
INSERT INTO countries VALUES(82,'Grenada');
INSERT INTO countries VALUES(83,'Guatemala');
INSERT INTO countries VALUES(84,'Guinea');
INSERT INTO countries VALUES(85,'Guinea-Bissau');
INSERT INTO countries VALUES(86,'Guyana');
INSERT INTO countries VALUES(87,'Haiti');
INSERT INTO countries VALUES(88,'Honduras');
INSERT INTO countries VALUES(89,'Hong Kong');
INSERT INTO countries VALUES(90,'Hungary');
INSERT INTO countries VALUES(91,'Iceland');
INSERT INTO countries VALUES(92,'India');
INSERT INTO countries VALUES(93,'Indonesia');
INSERT INTO countries VALUES(94,'Iran');
INSERT INTO countries VALUES(95,'Iraq');
INSERT INTO countries VALUES(96,'Ireland');
INSERT INTO countries VALUES(97,'Israel');
INSERT INTO countries VALUES(98,'Italy');
INSERT INTO countries VALUES(99,'Jamaica');
INSERT INTO countries VALUES(100,'Japan');
INSERT INTO countries VALUES(101,'Jordan');
INSERT INTO countries VALUES(102,'Kazakhstan');
INSERT INTO countries VALUES(103,'Kenya');
INSERT INTO countries VALUES(104,'Kiribati');
INSERT INTO countries VALUES(105,'Kuwait');
INSERT INTO countries VALUES(106,'Kyrgyzstan');
INSERT INTO countries VALUES(107,'Lagos');
INSERT INTO countries VALUES(108,'Latvia');
INSERT INTO countries VALUES(109,'Lebanon');
INSERT INTO countries VALUES(110,'Lesotho');
INSERT INTO countries VALUES(111,'Liberia');
INSERT INTO countries VALUES(112,'Libya');
INSERT INTO countries VALUES(113,'Liechtenstein');
INSERT INTO countries VALUES(114,'Lithuania');
INSERT INTO countries VALUES(115,'Luxembourg');
INSERT INTO countries VALUES(116,'Macau');
INSERT INTO countries VALUES(117,'Macedonia');
INSERT INTO countries VALUES(118,'Madagascar');
INSERT INTO countries VALUES(119,'Malawi');
INSERT INTO countries VALUES(120,'Malaysia');
INSERT INTO countries VALUES(121,'Maldives');
INSERT INTO countries VALUES(122,'Mali');
INSERT INTO countries VALUES(123,'Malta');
INSERT INTO countries VALUES(124,'Marshall Islands');
INSERT INTO countries VALUES(125,'Martinique');
INSERT INTO countries VALUES(126,'Mauritania');
INSERT INTO countries VALUES(127,'Mauritius');
INSERT INTO countries VALUES(128,'Mexico');
INSERT INTO countries VALUES(129,'Moldova');
INSERT INTO countries VALUES(130,'Monaco');
INSERT INTO countries VALUES(131,'Mongolia');
INSERT INTO countries VALUES(132,'Morocco');
INSERT INTO countries VALUES(133,'Mozambique');
INSERT INTO countries VALUES(134,'Myanmar');
INSERT INTO countries VALUES(135,'Namibia');
INSERT INTO countries VALUES(136,'Nauru');
INSERT INTO countries VALUES(137,'Nepal');
INSERT INTO countries VALUES(138,'Netherlands');
INSERT INTO countries VALUES(139,'Netherlands Antilles');
INSERT INTO countries VALUES(140,'New Zealand');
INSERT INTO countries VALUES(141,'Nicaragua');
INSERT INTO countries VALUES(142,'Niger');
INSERT INTO countries VALUES(143,'Nigeria');
INSERT INTO countries VALUES(144,'North Korea');
INSERT INTO countries VALUES(145,'Northern Ireland');
INSERT INTO countries VALUES(146,'Northern Mariana Islands');
INSERT INTO countries VALUES(147,'Norway');
INSERT INTO countries VALUES(148,'Oman');
INSERT INTO countries VALUES(149,'Pakistan');
INSERT INTO countries VALUES(150,'Palau');
INSERT INTO countries VALUES(151,'Panama');
INSERT INTO countries VALUES(152,'Papua New Guinea');
INSERT INTO countries VALUES(153,'Paraguay');
INSERT INTO countries VALUES(154,'Peru');
INSERT INTO countries VALUES(155,'Philippines');
INSERT INTO countries VALUES(156,'Poland');
INSERT INTO countries VALUES(157,'Portugal');
INSERT INTO countries VALUES(158,'Qatar');
INSERT INTO countries VALUES(159,'Republic of the Congo');
INSERT INTO countries VALUES(160,'Romania');
INSERT INTO countries VALUES(161,'Russia');
INSERT INTO countries VALUES(162,'Rwanda');
INSERT INTO countries VALUES(163,'Saint Kitts and Nevis');
INSERT INTO countries VALUES(164,'Saint Vincent and the Grenadines');
INSERT INTO countries VALUES(165,'Samoa');
INSERT INTO countries VALUES(166,'San Marino');
INSERT INTO countries VALUES(167,'Sao Tome and Principe');
INSERT INTO countries VALUES(168,'Saudi Arabia');
INSERT INTO countries VALUES(169,'Senegal');
INSERT INTO countries VALUES(170,'Serbia and Montenegro');
INSERT INTO countries VALUES(171,'Seychelles');
INSERT INTO countries VALUES(172,'Sierra Leone');
INSERT INTO countries VALUES(173,'Singapore');
INSERT INTO countries VALUES(174,'Slovakia');
INSERT INTO countries VALUES(175,'Slovenia');
INSERT INTO countries VALUES(176,'Solomon Islands');
INSERT INTO countries VALUES(177,'Somalia');
INSERT INTO countries VALUES(178,'South Africa');
INSERT INTO countries VALUES(179,'South Korea');
INSERT INTO countries VALUES(180,'Spain');
INSERT INTO countries VALUES(181,'Sri Lanka');
INSERT INTO countries VALUES(182,'St. Lucia');
INSERT INTO countries VALUES(183,'Sudan');
INSERT INTO countries VALUES(184,'Suriname');
INSERT INTO countries VALUES(185,'Swaziland');
INSERT INTO countries VALUES(186,'Sweden');
INSERT INTO countries VALUES(187,'Switzerland');
INSERT INTO countries VALUES(188,'Syria');
INSERT INTO countries VALUES(189,'Taiwan');
INSERT INTO countries VALUES(190,'Tajikistan');
INSERT INTO countries VALUES(191,'Tanzania');
INSERT INTO countries VALUES(192,'Thailand');
INSERT INTO countries VALUES(193,'The Bahamas');
INSERT INTO countries VALUES(194,'The Gambia');
INSERT INTO countries VALUES(195,'Timor-Leste');
INSERT INTO countries VALUES(196,'Togo');
INSERT INTO countries VALUES(197,'Tonga');
INSERT INTO countries VALUES(198,'Trinidad and Tobago');
INSERT INTO countries VALUES(199,'Tunisia');
INSERT INTO countries VALUES(200,'Turkey');
INSERT INTO countries VALUES(201,'Turkmenistan');
INSERT INTO countries VALUES(202,'Tuvalu');
INSERT INTO countries VALUES(203,'US Virgin Islands');
INSERT INTO countries VALUES(204,'Uganda');
INSERT INTO countries VALUES(205,'Ukraine');
INSERT INTO countries VALUES(206,'United Arab Emirates');
INSERT INTO countries VALUES(207,'United Kingdom');
INSERT INTO countries VALUES(208,'United States');
INSERT INTO countries VALUES(209,'Uruguay');
INSERT INTO countries VALUES(210,'Uzbekistan');
INSERT INTO countries VALUES(211,'Vanuatu');
INSERT INTO countries VALUES(212,'Vatican City');
INSERT INTO countries VALUES(213,'Venezuela');
INSERT INTO countries VALUES(214,'Vietnam');
INSERT INTO countries VALUES(215,'Wales');
INSERT INTO countries VALUES(216,'West Bank and Gaza');
INSERT INTO countries VALUES(217,'Western Sahara');
INSERT INTO countries VALUES(218,'Yemen');
INSERT INTO countries VALUES(219,'Zambia');
INSERT INTO countries VALUES(220,'Zimbabwe');
DROP TABLE IF EXISTS skills;
CREATE TABLE IF NOT EXISTS `skills` (`id` INTEGER PRIMARY KEY AUTOINCREMENT NOT NULL, `name` varchar(255));
DROP TABLE IF EXISTS offerings;
CREATE TABLE IF NOT EXISTS `offerings` (`id` INTEGER PRIMARY KEY AUTOINCREMENT NOT NULL, `skill_id` integer, `user_id` integer);
DROP TABLE IF EXISTS activities;
CREATE TABLE IF NOT EXISTS `activities` (`id` INTEGER PRIMARY KEY AUTOINCREMENT NOT NULL, `user_id` integer(10), `action` varchar(50), `item_id` integer(10), `item_type` varchar(255), `created_at` datetime);
INSERT INTO activities VALUES(1,1,`joined_the_site`,NULL,NULL,`2010-02-10 02:02:58`);
INSERT INTO activities VALUES(2,1,'photo',1,'Photo','2010-02-10 02:03:41');
INSERT INTO activities VALUES(3,1,'updated_profile',NULL,NULL,'2010-02-10 02:03:42');
INSERT INTO activities VALUES(5,3,'joined_the_site',NULL,NULL,'2010-02-19 03:46:07');
INSERT INTO activities VALUES(6,3,'photo',5,'Photo','2010-02-19 03:46:38');
INSERT INTO activities VALUES(7,3,'updated_profile',NULL,NULL,'2010-02-19 03:46:38');
INSERT INTO activities VALUES(8,3,'updated_profile',NULL,NULL,'2010-02-19 03:58:21');
INSERT INTO activities VALUES(9,3,'updated_profile',NULL,NULL,'2010-02-21 02:14:39');
INSERT INTO activities VALUES(10,3,'updated_profile',NULL,NULL,'2010-03-02 03:04:28');
INSERT INTO activities VALUES(11,3,'updated_profile',NULL,NULL,'2010-03-06 21:42:46');
INSERT INTO activities VALUES(12,3,'updated_profile',NULL,NULL,'2010-03-06 22:56:12');
INSERT INTO activities VALUES(13,3,'updated_profile',NULL,NULL,'2010-03-07 06:30:32');
INSERT INTO activities VALUES(14,3,'updated_profile',NULL,NULL,'2010-03-07 06:36:04');
INSERT INTO activities VALUES(15,3,'updated_profile',NULL,NULL,'2010-03-07 22:51:30');
INSERT INTO activities VALUES(16,3,'updated_profile',NULL,NULL,'2010-03-08 03:34:15');
INSERT INTO activities VALUES(17,3,'updated_profile',NULL,NULL,'2010-03-17 01:31:25');
INSERT INTO activities VALUES(18,3,'updated_profile',NULL,NULL,'2010-03-17 01:38:24');
INSERT INTO activities VALUES(19,3,'updated_profile',NULL,NULL,'2010-03-17 03:01:18');
INSERT INTO activities VALUES(20,3,'updated_profile',NULL,NULL,'2010-03-17 03:11:46');
INSERT INTO activities VALUES(21,3,'updated_profile',NULL,NULL,'2010-03-17 03:12:12');
INSERT INTO activities VALUES(22,3,'updated_profile',NULL,NULL,'2010-03-18 03:56:48');
INSERT INTO activities VALUES(23,3,'photo',9,'Photo','2010-03-19 04:33:13');
INSERT INTO activities VALUES(24,3,'updated_profile',NULL,NULL,'2010-03-20 01:34:20');
INSERT INTO activities VALUES(25,3,'updated_profile',NULL,NULL,'2010-03-20 03:03:55');
INSERT INTO activities VALUES(26,3,'photo',13,'Photo','2010-03-20 03:17:33');
INSERT INTO activities VALUES(27,4,'joined_the_site',NULL,NULL,'2010-03-20 15:25:27');
INSERT INTO activities VALUES(28,3,'updated_profile',NULL,NULL,'2010-03-23 02:24:52');
INSERT INTO activities VALUES(29,3,'updated_profile',NULL,NULL,'2010-03-23 02:40:00');
INSERT INTO activities VALUES(30,3,'updated_profile',NULL,NULL,'2010-03-23 02:46:22');
INSERT INTO activities VALUES(31,3,'updated_profile',NULL,NULL,'2010-03-23 02:49:06');
INSERT INTO activities VALUES(32,3,'updated_profile',NULL,NULL,'2010-04-01 04:03:48');
INSERT INTO activities VALUES(33,3,'updated_profile',NULL,NULL,'2010-04-02 15:08:50');
INSERT INTO activities VALUES(34,3,'updated_profile',NULL,NULL,'2010-04-03 02:42:59');
INSERT INTO activities VALUES(35,3,'updated_profile',NULL,NULL,'2010-04-03 04:56:01');
INSERT INTO activities VALUES(36,5,'joined_the_site',NULL,NULL,'2010-04-06 01:29:15');
INSERT INTO activities VALUES(37,5,'photo',17,'Photo','2010-04-06 01:30:54');
INSERT INTO activities VALUES(38,5,'updated_profile',NULL,NULL,'2010-04-06 01:30:54');
INSERT INTO activities VALUES(39,5,'updated_profile',NULL,NULL,'2010-04-06 01:35:18');
INSERT INTO activities VALUES(40,5,'updated_profile',NULL,NULL,'2010-04-06 01:35:47');
INSERT INTO activities VALUES(41,3,'photo',21,'Photo','2010-04-17 16:13:14');
INSERT INTO activities VALUES(42,3,'updated_profile',NULL,NULL,'2010-04-18 05:02:37');
INSERT INTO activities VALUES(43,3,'updated_profile',NULL,NULL,'2010-04-18 05:04:58');
INSERT INTO activities VALUES(44,3,'updated_profile',NULL,NULL,'2010-04-18 05:05:36');
INSERT INTO activities VALUES(45,3,'updated_profile',NULL,NULL,'2010-04-18 05:06:12');
INSERT INTO activities VALUES(46,3,'updated_profile',NULL,NULL,'2010-04-18 16:51:44');
INSERT INTO activities VALUES(47,3,'updated_profile',NULL,NULL,'2010-04-18 18:15:25');
INSERT INTO activities VALUES(48,3,'updated_profile',NULL,NULL,'2010-04-18 19:37:02');
INSERT INTO activities VALUES(49,3,'updated_profile',NULL,NULL,'2010-04-18 21:22:51');
INSERT INTO activities VALUES(50,3,'updated_profile',NULL,NULL,'2010-04-18 22:02:31');
INSERT INTO activities VALUES(51,3,'updated_profile',NULL,NULL,'2010-04-20 02:19:04');
INSERT INTO activities VALUES(52,3,'updated_profile',NULL,NULL,'2010-04-20 03:29:25');
DROP TABLE IF EXISTS events;
CREATE TABLE IF NOT EXISTS `events` (`id` INTEGER PRIMARY KEY AUTOINCREMENT NOT NULL, `name` varchar(255), `created_at` datetime, `updated_at` datetime, `user_id` integer, `start_time` datetime, `end_time` datetime, `description` text, `metro_area_id` integer, `location` varchar(255), `allow_rsvp` boolean DEFAULT1;
DROP TABLE IF EXISTS ads;
CREATE TABLE IF NOT EXISTS `ads` (`id` INTEGER PRIMARY KEY AUTOINCREMENT NOT NULL, `name` varchar(255), `html` text, `frequency` integer, `created_at` datetime, `updated_at` datetime, `start_date` datetime, `end_date` datetime, `location` varchar(255), `published` boolean DEFAULT0 `time_constrained` boolean DEFAULT0 `audience` varchar(255) DEFAULT `all`);
DROP TABLE IF EXISTS polls;
CREATE TABLE IF NOT EXISTS `polls` (`id` INTEGER PRIMARY KEY AUTOINCREMENT NOT NULL, `question` varchar(255), `created_at` datetime, `updated_at` datetime, `post_id` integer, `votes_count` integer DEFAULT 0);
DROP TABLE IF EXISTS choices;
CREATE TABLE IF NOT EXISTS `choices` (`id` INTEGER PRIMARY KEY AUTOINCREMENT NOT NULL, `poll_id` integer, `description` varchar(255), `votes_count` integer DEFAULT 0);
DROP TABLE IF EXISTS votes;
CREATE TABLE IF NOT EXISTS `votes` (`id` INTEGER PRIMARY KEY AUTOINCREMENT NOT NULL, `user_id` integer, `poll_id` integer, `choice_id` integer, `created_at` datetime);
DROP TABLE IF EXISTS forums;
CREATE TABLE IF NOT EXISTS `forums` (`id` INTEGER PRIMARY KEY AUTOINCREMENT NOT NULL, `name` varchar(255), `description` varchar(255), `topics_count` integer DEFAULT 0, `sb_posts_count` integer DEFAULT 0, `position` integer, `description_html` text, `owner_type` varchar(255), `owner_id` integer);
DROP TABLE IF EXISTS moderatorships;
CREATE TABLE IF NOT EXISTS `moderatorships` (`id` INTEGER PRIMARY KEY AUTOINCREMENT NOT NULL, `forum_id` integer, `user_id` integer);
DROP TABLE IF EXISTS monitorships;
CREATE TABLE IF NOT EXISTS `monitorships` (`id` INTEGER PRIMARY KEY AUTOINCREMENT NOT NULL, `topic_id` integer, `user_id` integer, `active` boolean DEFAULT1;
DROP TABLE IF EXISTS sb_posts;
CREATE TABLE IF NOT EXISTS `sb_posts` (`id` INTEGER PRIMARY KEY AUTOINCREMENT NOT NULL, `user_id` integer, `topic_id` integer, `body` text, `created_at` datetime, `updated_at` datetime, `forum_id` integer, `body_html` text);
DROP TABLE IF EXISTS topics;
CREATE TABLE IF NOT EXISTS `topics` (`id` INTEGER PRIMARY KEY AUTOINCREMENT NOT NULL, `forum_id` integer, `user_id` integer, `title` varchar(255), `created_at` datetime, `updated_at` datetime, `hits` integer DEFAULT 0, `sticky` integer DEFAULT 0, `sb_posts_count` integer DEFAULT 0, `replied_at` datetime, `locked` boolean DEFAULT0 `replied_by` integer, `last_post_id` integer);
DROP TABLE IF EXISTS assets;
CREATE TABLE IF NOT EXISTS `assets` (`id` INTEGER PRIMARY KEY AUTOINCREMENT NOT NULL, `filename` varchar(255), `width` integer, `height` integer, `content_type` varchar(255), `size` integer, `attachable_type` varchar(255), `attachable_id` integer, `updated_at` datetime, `created_at` datetime, `thumbnail` varchar(255), `parent_id` integer);
DROP TABLE IF EXISTS favorites;
CREATE TABLE IF NOT EXISTS `favorites` (`id` INTEGER PRIMARY KEY AUTOINCREMENT NOT NULL, `updated_at` datetime, `created_at` datetime, `favoritable_type` varchar(255), `favoritable_id` integer, `user_id` integer, `ip_address` varchar(255) DEFAULT ``);
DROP TABLE IF EXISTS roles;
CREATE TABLE IF NOT EXISTS `roles` (`id` INTEGER PRIMARY KEY AUTOINCREMENT NOT NULL, `name` varchar(255));
INSERT INTO roles VALUES(1,`admin`);
INSERT INTO roles VALUES(2,'moderator');
INSERT INTO roles VALUES(3,'member');
DROP TABLE IF EXISTS contests;
CREATE TABLE IF NOT EXISTS `contests` (`id` INTEGER PRIMARY KEY AUTOINCREMENT NOT NULL, `title` varchar(255), `created_at` datetime, `updated_at` datetime, `begin_date` datetime, `end_date` datetime, `raw_post` text, `post` text, `banner_title` varchar(255), `banner_subtitle` varchar(255));
DROP TABLE IF EXISTS messages;
CREATE TABLE IF NOT EXISTS `messages` (`id` INTEGER PRIMARY KEY AUTOINCREMENT NOT NULL, `sender_id` integer, `recipient_id` integer, `sender_deleted` boolean DEFAULT0 `recipient_deleted` boolean DEFAULT0 `subject` varchar(255), `body` text, `read_at` datetime, `created_at` datetime, `updated_at` datetime);
DROP TABLE IF EXISTS albums;
CREATE TABLE IF NOT EXISTS `albums` (`id` INTEGER PRIMARY KEY AUTOINCREMENT NOT NULL, `title` varchar(255), `description` text, `user_id` integer, `created_at` datetime, `updated_at` datetime, `view_count` integer);
DROP TABLE IF EXISTS rsvps;
CREATE TABLE IF NOT EXISTS `rsvps` (`id` INTEGER PRIMARY KEY AUTOINCREMENT NOT NULL, `user_id` integer, `event_id` integer, `attendees_count` integer, `created_at` datetime, `updated_at` datetime);
DROP TABLE IF EXISTS pages;
CREATE TABLE IF NOT EXISTS `pages` (`id` INTEGER PRIMARY KEY AUTOINCREMENT NOT NULL, `title` varchar(255), `body` text, `published_as` varchar(16) DEFAULT `draft`, `page_public` boolean DEFAULT1 `created_at` datetime, `updated_at` datetime);
INSERT INTO pages VALUES(1,`About`,`<p>Your About Text Goes Here</p>`,`live`1`2010-02-10 01:10:20`,`2010-02-10 01:10:20`);
INSERT INTO pages VALUES(2,'FAQ','<p>Your FAQ text goes here.</p>','live'1'2010-02-10 01:10:20','2010-02-10 01:10:20');
INSERT INTO pages VALUES(3,'Test page','<p>test page blargggggsadf jkdakf; jklkasdfk fdskl edafklslk &nbsp;fd sajl sajl fdlk da</p>','live'1'2010-02-11 04:14:50','2010-02-11 04:14:50');
DROP TABLE IF EXISTS users;
CREATE TABLE IF NOT EXISTS `users` (`id` INTEGER PRIMARY KEY AUTOINCREMENT NOT NULL, `login` varchar(255), `email` varchar(255), `description` text, `avatar_id` integer, `crypted_password` varchar(255), `password_salt` varchar(255), `created_at` datetime, `updated_at` datetime, `persistence_token` varchar(255), `stylesheet` text, `view_count` integer DEFAULT 0, `vendor` boolean DEFAULT0 `activation_code` varchar(40), `activated_at` datetime, `state_id` integer, `metro_area_id` integer, `login_slug` varchar(255), `notify_comments` boolean DEFAULT1 `notify_friend_requests` boolean DEFAULT1 `notify_community_news` boolean DEFAULT1 `country_id` integer, `featured_writer` boolean DEFAULT0 `last_login_at` datetime, `zip` varchar(255), `birthday` date, `gender` varchar(255), `profile_public` boolean DEFAULT1 `activities_count` integer DEFAULT 0, `sb_posts_count` integer DEFAULT 0, `sb_last_seen_at` datetime, `role_id` integer, `single_access_token` varchar(255), `perishable_token` varchar(255), `login_count` integer DEFAULT 0, `failed_login_count` integer DEFAULT 0, `last_request_at` datetime, `current_login_at` datetime, `current_login_ip` varchar(255), `last_login_ip` varchar(255), `Name` varchar(40), `Profession` varchar(40), `Phone` varchar(40), `facebook_link` varchar(40), `linkedin_link` varchar(40), `myspace_link` varchar(40), `twitter_link` varchar(40), `flickr_link` varchar(40));
INSERT INTO users VALUES(1,`raywang`,`raycornellwang@gmail.com`,`<p>
<p>Lorem ipsum dolor sit amet, consectetur adipiscing elit. Nam ullamcorper diam nec lacus porta ac volutpat velit laoreet. Nam gravida suscipit velit quis facilisis. Nulla facilisi. Nunc dictum felis sed lacus ullamcorper nec mattis lectus placerat. Fusce arcu enim, eleifend nec gravida a, aliquet a est. Mauris quis leo eu nulla adipiscing euismod. Quisque justo lectus, pharetra nec ornare ornare, ultricies ut erat. In eros tortor, semper eu feugiat at, elementum quis mauris. Sed eget risus orci. Proin vitae purus dui, vel tempus diam. Sed et arcu tellus, quis elementum ante. Aenean dictum tincidunt purus id sagittis. Nullam lacinia interdum tempus.</p>
<p>Fusce euismod gravida neque, ut sodales felis placerat nec. Donec a orci magna. Cras lobortis porta nisi et rhoncus. Aenean condimentum turpis a est blandit non tempor metus tincidunt. Aenean aliquam lobortis sem vitae porta. Mauris lacus nibh, egestas non pretium sed, facilisis id arcu. Praesent molestie, elit nec elementum condimentum, arcu libero lacinia nisl, ac scelerisque nisi sapien non nunc. Sed auctor rhoncus mauris, sit amet semper purus hendrerit quis. Vivamus accumsan orci ut odio accumsan quis molestie eros posuere. Sed pretium purus sit amet odio euismod vitae aliquet nulla laoreet. Integer ultricies nulla sed nisi dignissim venenatis. Sed arcu ipsum, consequat eget tristique nec, rhoncus ut lorem. Nam sed ipsum ac libero dictum pellentesque tincidunt nec libero. Morbi sem odio, bibendum id aliquet a, tincidunt id mi. Phasellus iaculis turpis sit amet odio facilisis eleifend. Vivamus lacinia placerat dapibus. Fusce lacus felis, rutrum in ornare congue, volutpat sit amet mi. Suspendisse dignissim ipsum id nulla facilisis feugiat. Nullam sagittis tellus id nunc suscipit sollicitudin. Fusce consequat, dui sed rutrum vestibulum, ipsum odio aliquet odio, quis fringilla nulla tortor ac felis.</p>
<p>Donec enim ligula, iaculis vitae placerat vel, sollicitudin at odio. Nulla dignissim risus sit amet nibh ornare scelerisque. Phasellus sit amet felis mauris, vitae rutrum justo. Nunc quis quam id ipsum laoreet adipiscing vel ut risus. Nam accumsan enim non tellus aliquam vestibulum. Phasellus pellentesque placerat felis eget molestie. Curabitur ut sem tempus quam vulputate tincidunt. Phasellus aliquet tristique convallis. Mauris sed tellus at tellus bibendum pulvinar varius quis sem. Mauris fermentum rutrum mi nec vestibulum. Curabitur lorem urna, blandit in tempus vitae, molestie at leo. Vivamus eu sem mattis sapien feugiat semper vel nec tortor. Nam dapibus posuere sagittis. Aliquam vulputate blandit nibh non tempus.</p>
<p>Vestibulum ante ipsum primis in faucibus orci luctus et ultrices posuere cubilia Curae; Aliquam et neque urna, sodales laoreet justo. Sed lectus arcu, pharetra at tempus ut, posuere non nulla. Nullam consequat enim ac metus consequat vehicula. Nunc accumsan, tortor a aliquet blandit, ante urna vestibulum metus, quis vulputate diam dui nec purus. Aliquam quis nisi neque, ac porta est. Donec vestibulum aliquet orci, non commodo tellus interdum vitae. Praesent placerat, mauris vitae vulputate facilisis, quam mi mollis nisl, sit amet tempus risus risus id nibh. Curabitur scelerisque sapien in ligula commodo cursus vestibulum malesuada nisi. Donec tristique sem a orci pharetra convallis. Curabitur dui nibh, vulputate a bibendum vitae, commodo sed dolor. Aliquam erat volutpat. In tortor tellus, condimentum quis interdum ac, imperdiet vitae nisl. Sed ac eros massa. Donec id diam sem. Cum sociis natoque penatibus et magnis dis parturient montes, nascetur ridiculus mus. Donec a nisl at sem rutrum ultricies vel quis enim. Phasellus vehicula gravida metus, vitae rhoncus massa tincidunt vitae.</p>
</p>`,1,`d923562587ee62bf32db784488829f448039ebcb`,`AXX11fd62ZvYvRJpoXp0`,`2010-02-10 02:00:37`,`2010-03-03 03:00:46`,`727a00419ecdf3ae0b47c2e055535446dc46ed28a1bb314271312750c454093b92e5225a02e37ec25f2faf65d0c253db7374dfe5827f4165e963a1452bb35733`,NULL,10NULL,`2010-02-10 02:02:57`,16,68,`raywang`1`t`12080`2010-02-17 20:05:40`,`10019`,`1985-02-10`,`M`14,0,`2010-03-03 02:59:48`,1,`4Juot2ogVacsPvmhMt6T`,`KvRRFOCjgfGR7K_NdUmZ`,4,0,`2010-03-03 03:00:46`,`2010-03-03 02:59:48`,`74.66.24.51`,`74.66.24.51`,NULL,NULL,NULL,NULL,NULL,NULL,NULL,NULL);
INSERT INTO users VALUES(2,'ChangSuk','admin@simplrmanage.com',NULL,NULL,'ebab4fdc65c072944f214b3ec506efcc7fb2bc4d','mo7BbnGsJoCOmB4d9csf','2010-02-15 05:10:15','2010-02-15 05:10:15','dc9fd244016c927e4278434681d0d927eca78e3333f84029e63389c54f6a3a5ec977d378719fc10a0bdde5dc0f28ac87fa5f10a3c03cf4ab6ff565efa0d2e92a',NULL,00'297198b04cfce8a7122f67c7a02c7c60c63aa0ee',NULL,NULL,NULL,'changsuk'1't'1NULL0'2010-02-15 05:10:15',NULL,'1985-02-15',NULL10,0,NULL,3,'_WJhww-PliP_PDJliu_o','1sBF7qKoFwVT9Z3Jr30r',0,0,NULL,NULL,NULL,NULL,NULL,NULL,NULL,NULL,NULL,NULL,NULL,NULL);
INSERT INTO users VALUES(3,'simplrmanage','xcw2@cornell.edu','<p>Lorem ipsum dolor sit amet, consectetur adipiscing elit. Nullam adipiscing convallis ultricies. Pellentesque erat quam, laoreet vitae posuere ac, sodales a libero. Maecenas feugiat malesuada adipiscing. Pellentesque risus massa, sagittis adipiscing mollis vitae, tincidunt id arcu. Praesent ac odio non ante lacinia ullamcorper. Maecenas eu diam sem, eget laoreet magna. Nunc at quam nec diam malesuada dictum. Praesent lectus metus, convallis in consequat vel, ornare euismod sapien. Sed vel sem sed nibh dignissim ultricies in in libero. Suspendisse ornare, purus non mattis fermentum, elit ligula consequat sem, vel facilisis erat quam id metus. Nullam ac turpis nec lacus fermentum vehicula id a augue. Ut ullamcorper quam vel dolor fringilla id sagittis justo cursus. Etiam interdum felis et ante varius dapibus. Suspendisse nec posuere quam. Donec tempus ultricies justo non consequat. In hac habitasse platea dictumst.</p>',5,'9fc83c220ed0fc965fae84c753d38544e9fa3f04','2ZpBkMyvJ90_HvBISXKu','2010-02-19 03:45:11','2010-04-20 03:59:53','d6addde5b4151a55d7877a14e1dd960b6f4a9a7e2352221377957f5ca1879c0cc6874e63b9ef16fba31a30bab339cd370afc1b695da6d10a6301cb9bc84d5dd5',NULL,70NULL,'2010-02-19 03:46:06',33,164,'simplrmanage'1't'12080'2010-04-19 01:30:04','10019','1985-02-19','F'142,0,'2010-04-20 00:44:19',3,'4e1oYY_r5Zx4t1l5P-FV','rOq3BL4KaOkKbwwY08Cn',36,0,'2010-04-20 03:59:53','2010-04-20 00:44:19','68.175.64.191','68.175.64.191','Ray Wang','Computer Science Tutor','234-1010','www.facebook.com','','www.myspace.com','','');
INSERT INTO users VALUES(4,'wangon','johnyangwang@gmail.com',NULL,NULL,'be70acf9b0821868953ea085a741bf4b7e817bde','71GmnwRuT8ySj5RZIebY','2010-03-20 15:23:52','2010-04-02 16:15:15','fe4c9d2a0321c40e3fa7b65e8d6f07ba0b849ec626d674b359aaf7c4e9fd01ef0df643ed0ffe3faffbd0271727ab45dd1ccef2e4094d70da359c6d2bf828c4d8',NULL,10NULL,'2010-03-20 15:25:26',NULL,NULL,'wangon'1't'1NULL0NULL,NULL,'1985-03-20',NULL11,0,'2010-03-20 15:25:27',3,'D6-rcJiPKjKRlnckeIMN','FNuNlUta5nIgYj_RlQ8k',1,0,'2010-04-02 16:15:15','2010-03-20 15:25:27','75.68.226.98',NULL,NULL,NULL,NULL,NULL,NULL,NULL,NULL,NULL);
INSERT INTO users VALUES(5,'ericmc','eric.cosselman@gmail.com','<p>a real g</p>
<p>&nbsp;</p>
<p>&nbsp;</p>',17,'a31e2d7fa29aca4d37228b3e7ab9634928efbd84','KhQomj0lEpLbMzcL-tLE','2010-04-06 01:28:01','2010-04-21 01:45:27','d75d44f74e3731a3557afd10707a924a03e801489e4df6eee1549ce1d33eeb57a5132721c28e8e604dccc9bbb4c6d5930e6f336f19d6f3c22cacdd76b8b1018b',NULL,20NULL,'2010-04-06 01:29:12',NULL,NULL,'ericmc'1't'1NULL0'2010-04-20 01:51:03','90210','1985-04-06','M'15,0,'2010-04-21 01:05:55',3,'OLUj-CEI11tSbJlXwInl','QeRgEi53k_VpUJOKsusx',3,0,'2010-04-21 01:45:27','2010-04-21 01:05:55','69.138.77.69','69.138.77.69',NULL,NULL,NULL,NULL,NULL,NULL,NULL,NULL);
DROP TABLE IF EXISTS experiences;
CREATE TABLE IF NOT EXISTS `experiences` (`id` INTEGER PRIMARY KEY AUTOINCREMENT NOT NULL, `user_id` integer, `title` varchar(255), `description` text, `start` date, `end` date, `location` varchar(40));
INSERT INTO experiences VALUES(8,3,`Worked at Google`,`I had great time learning there`,`2010-01-01`,`2010-04-01`,`Mount View`);
DROP TABLE IF EXISTS services;
CREATE TABLE IF NOT EXISTS `services` (`id` INTEGER PRIMARY KEY AUTOINCREMENT NOT NULL, `user_id` integer, `title` varchar(255), `description` text, `rate` integer);
INSERT INTO services VALUES(1,3,`Teaching web design`,`This is a 1 hour session on web design. The content covered will depend on skill level. First comers will learn about html and css basics. Location can be either your house or a common area such as a library or starbucks.`,40);
DROP TABLE IF EXISTS testimonials;
CREATE TABLE IF NOT EXISTS `testimonials` (`id` INTEGER PRIMARY KEY AUTOINCREMENT NOT NULL, `user_id` integer, `customer` varchar(255), `testimonial` text);
INSERT INTO testimonials VALUES(2,3,`sdfsdf`,`Lorem ipsum dolor sit amet, consectetur adipiscing elit. Suspendisse eget diam nec urna hendrerit tempus. Pellentesque habitant morbi tristique senectus et netus et malesuada fames ac turpis egestas.`);
DROP TABLE IF EXISTS links;
CREATE TABLE IF NOT EXISTS `links` (`id` INTEGER PRIMARY KEY AUTOINCREMENT NOT NULL, `user_id` integer, `site` varchar(255), `url` varchar(255));
INSERT INTO links VALUES(1,3,`facebook`,`www.facebook.com`);
CREATE INDEX `index_sessions_on_sessid` ON `sessions` (`sessid`);
CREATE INDEX `fk_comments_user` ON `comments` (`user_id`);
CREATE INDEX `index_comments_on_recipient_id` ON `comments` (`recipient_id`);
CREATE INDEX `index_photos_on_parent_id` ON `photos` (`parent_id`);
CREATE INDEX `index_taggings_on_tag_id` ON `taggings` (`tag_id`);
CREATE INDEX `index_comments_on_created_at` ON `comments` (`created_at`);
CREATE INDEX `index_comments_on_commentable_type` ON `comments` (`commentable_type`);
CREATE INDEX `index_comments_on_commentable_id` ON `comments` (`commentable_id`);
CREATE INDEX `index_taggings_on_taggable_type` ON `taggings` (`taggable_type`);
CREATE INDEX `index_taggings_on_taggable_id` ON `taggings` (`taggable_id`);
CREATE INDEX `index_posts_on_category_id` ON `posts` (`category_id`);
CREATE INDEX `index_friendships_on_user_id` ON `friendships` (`user_id`);
CREATE INDEX `index_friendships_on_friendship_status_id` ON `friendships` (`friendship_status_id`);
CREATE INDEX `index_moderatorships_on_forum_id` ON `moderatorships` (`forum_id`);
CREATE INDEX `index_sb_posts_on_forum_id` ON `sb_posts` (`forum_id`, `created_at`);
CREATE INDEX `index_sb_posts_on_user_id` ON `sb_posts` (`user_id`, `created_at`);
CREATE INDEX `index_topics_on_forum_id` ON `topics` (`forum_id`);
CREATE INDEX `index_topics_on_sticky_and_replied_at` ON `topics` (`forum_id`, `sticky`, `replied_at`);
CREATE INDEX `index_topics_on_forum_id_and_replied_at` ON `topics` (`forum_id`, `replied_at`);
CREATE INDEX `fk_favorites_user` ON `favorites` (`user_id`);
CREATE INDEX `index_posts_on_published_at` ON `posts` (`published_at`);
CREATE INDEX `index_posts_on_published_as` ON `posts` (`published_as`);
CREATE INDEX `index_polls_on_created_at` ON `polls` (`created_at`);
CREATE INDEX `index_polls_on_post_id` ON `polls` (`post_id`);
CREATE INDEX `index_activities_on_created_at` ON `activities` (`created_at`);
CREATE INDEX `index_activities_on_user_id` ON `activities` (`user_id`);
CREATE INDEX `index_posts_on_user_id` ON `posts` (`user_id`);
CREATE INDEX `index_tags_on_name` ON `tags` (`name`);
CREATE INDEX `index_taggings_on_taggable_id_and_taggable_type` ON `taggings` (`taggable_id`, `taggable_type`);
CREATE INDEX `index_photos_on_created_at` ON `photos` (`created_at`);
CREATE INDEX `index_clippings_on_created_at` ON `clippings` (`created_at`);
CREATE INDEX `index_users_on_avatar_id` ON `users` (`avatar_id`);
CREATE INDEX `index_users_on_featured_writer` ON `users` (`featured_writer`);
CREATE INDEX `index_users_on_activated_at` ON `users` (`activated_at`);
CREATE INDEX `index_users_on_vendor` ON `users` (`vendor`);
CREATE INDEX `index_users_on_login_slug` ON `users` (`login_slug`);
CREATE INDEX `index_users_on_created_at` ON `users` (`created_at`);
CREATE INDEX `index_users_on_login` ON `users` (`login`);
CREATE INDEX `index_users_on_persistence_token` ON `users` (`persistence_token`);
CREATE INDEX `index_users_on_last_request_at` ON `users` (`last_request_at`);
